Age_gp,prop,pos_igg,denom
1,0.272727273,27,99
2,0.722222222,130,180
3,0.873385013,338,387
